{
  "fundamental_matrix": {
    "mean_algebraic": 4.5719705703793004e-05,
    "median_algebraic": 1.930011706008372e-12,
    "mean_sampson": 0.0021988662220872967,
    "median_sampson": 1.1210002522697328e-18,
    "mean_symmetric_epipolar": 0.035681269865002765,
    "median_symmetric_epipolar": 1.499233765912808e-09,
    "rank": 2,
    "singular_values": [
      "1.000e+00",
      "2.566e-06",
      "1.908e-20"
    ],
    "n_inliers": 11
  },
  "essential_matrix": {
    "mean_algebraic": 4.571970570364855e-05,
    "median_algebraic": 1.9296786391009846e-12,
    "mean_sampson": 1.3106264007575326e-10,
    "median_sampson": 6.67737565113641e-26,
    "mean_symmetric_epipolar": 8.711250207827522e-06,
    "median_symmetric_epipolar": 3.6598389581938026e-13,
    "rank": 2,
    "singular_values": [
      "1.250e+01",
      "5.957e+00",
      "1.703e-16"
    ],
    "n_inliers": 11
  }
}